house,theta0,theta1,theta2,theta3,theta4
Ravenclaw,[0.02932136],[-0.01048773],[1.02681448],[0.00010488],[0.02541223]
Slytherin,[-0.02358443],[-0.01228744],[-1.23555624],[0.00012287],[0.02908685]
Gryffindor,[0.00249535],[0.01306644],[-1.37588241],[-0.00013066],[0.03179826]
Hufflepuff,[-0.00464067],[0.01291461],[1.27507471],[-0.00012915],[0.03015607]
